label,true_positives,false_positives,false_negatives,precision,recall,f1,entity_accuracy,support
overall,23,107,16,0.17692307692307693,0.5897435897435898,0.27218934911242604,0.15753424657534246,39
address,4,43,10,0.0851063829787234,0.2857142857142857,0.13114754098360654,0.07017543859649122,14
company,4,57,0,0.06557377049180328,1.0,0.12307692307692307,0.06557377049180328,4
email,5,0,0,1.0,1.0,1.0,1.0,5
person,7,6,6,0.5384615384615384,0.5384615384615384,0.5384615384615384,0.3684210526315789,13
phone,3,1,0,0.75,1.0,0.8571428571428571,0.75,3
